Name,Credit_Card_Number,Issuer,Expiry_Date,cvv
Catherine Strosin,344522807022338,american_express,11/27,535
Mr. Donald Pacocha,345923147414723,american_express,07/26,002
Julius O'Reilly,349645383542315,american_express,12/26,237
Sylvester Smitham,376719034028226,american_express,11/28,006
Kellie Senger,378011490041390,american_express,03/25,417
Colin Herman III,371306873390878,american_express,02/26,062
Ronnie Kulas,348157186775192,american_express,05/27,950
Clinton Stroman MD,345213252623239,american_express,04/27,394
Mrs. Henrietta Greenfelder-Murazik I,370263075709291,american_express,06/28,072
Leroy Haag,340047609840319,american_express,11/26,992
Julia Bauch III,370460167250198,american_express,03/27,005
Wilbur Mosciski,343459061183657,american_express,12/29,553
Sherry O'Hara III,341577989444240,american_express,08/28,852
Colin Marquardt,344341627508230,american_express,04/29,073
Lee Murray,344261032674221,american_express,05/27,361
Nellie Schoen,374857013768420,american_express,08/27,356
Jon Klein,341926957292935,american_express,01/27,749
Connie Kiehn,345536030333600,american_express,07/27,045
Ms. Ada Heaney,341327085806383,american_express,05/29,357
Angelina Breitenberg,379328481358461,american_express,06/29,877
Mrs. Ruth Schaden-Pollich,346079384944101,american_express,05/25,468
Toni Bailey,371612247668489,american_express,06/25,795
Dr. Neal Donnelly,373525829250823,american_express,04/26,527
Samantha Denesik,378380519862163,american_express,10/28,216
Wilson Weimann,349008283068123,american_express,01/26,019
Mr. Felipe Lynch,346164381666830,american_express,05/25,264
Bradley Rippin,374454230662873,american_express,11/27,483
Phillip Rempel,374875233758195,american_express,03/27,800
Aaron Fisher,346371182405496,american_express,10/25,535
Wayne Pollich,343443053147631,american_express,02/26,182